insert into cliente (nombres_completo,genero, fecha_nacimiento, correo, telefono ) values 
('Walter Lane','true','1976-02-22','wlane0@sciencedirect.com','62-(290)635-6294'),
('Anna Hansen','true','1991-04-14','ahansen1@wordpress.org','52-(501)563-3799'),
('Gerald Fuller','false','1994-04-08','gfuller2@soup.io','212-(588)450-4249'),
('Teresa Gonzales','true','1980-07-14','tgonzales3@linkedin.com','63-(182)698-7205'),
('Sarah Simpson','false','1966-03-25','ssimpson4@newyorker.com','86-(357)583-8367'),
('Lori Price','true','1972-08-29','lprice5@google.de','33-(225)141-6029'),
('Juan Nguyen','false','1977-10-25','jnguyen6@list-manage.com','86-(946)382-4292'),
('Harold Ramirez','false','1986-07-30','hramirez7@google.it','33-(886)903-9162'),
('Lillian Howell','false','1983-07-29','lhowell8@thetimes.co.uk','420-(230)271-5423'),
('Susan Mills','false','1996-09-21','smills9@google.pl','86-(715)217-6899'),
('Christopher Robinson','false','1990-11-24','crobinsona@e-recht24.de','1-(761)267-7723'),
('Anna Flores','true','1999-08-09','afloresb@chronoengine.com','371-(163)816-4016'),
('Barbara Tucker','false','1993-07-10','btuckerc@creativecommons.org','86-(630)545-1872'),
('Larry Rodriguez','true','1996-05-18','lrodriguezd@usnews.com','57-(168)696-3181'),
('Eric Elliott','true','1970-05-04','eelliotte@nsw.gov.au','380-(190)280-9633'),
('Gregory Hanson','true','1981-04-01','ghansonf@google.it','598-(641)359-3125'),
('Kimberly Ellis','false','1963-06-14','kellisg@posterous.com','52-(835)856-8655'),
('Steven Sanders','true','1971-05-23','ssandersh@unicef.org','46-(458)952-9127'),
('Shawn Holmes','false','1967-03-15','sholmesi@house.gov','58-(451)836-2919'),
('Kelly Berry','false','1976-02-05','kberryj@nsw.gov.au','63-(271)752-8365'),
('Brenda Berry','true','1963-08-18','bberryk@redcross.org','86-(434)605-7002'),
('Kelly Simpson','false','1996-08-09','ksimpsonl@bbb.org','55-(603)134-8316'),
('David Nichols','false','1966-07-02','dnicholsm@t-online.de','86-(344)791-9261'),
('Keith Martin','true','1975-10-25','kmartinn@infoseek.co.jp','1-(908)985-7207'),
('Jesse Wheeler','true','1961-01-10','jwheelero@bbb.org','86-(563)515-5506'),
('Thomas Smith','true','1995-12-12','tsmithp@tinyurl.com','52-(276)482-9005'),
('James Cunningham','false','1977-06-29','jcunninghamq@posterous.com','58-(677)870-0834'),
('Dorothy Hanson','false','1997-09-20','dhansonr@redcross.org','850-(509)440-6998'),
('Carlos Tucker','false','1985-09-09','ctuckers@godaddy.com','57-(430)842-7197'),
('Stephen Gray','true','1989-02-22','sgrayt@shinystat.com','63-(734)543-1543'),
('Joan Robinson','true','1983-02-20','jrobinsonu@state.gov','234-(202)587-9479'),
('Teresa Ferguson','false','1999-01-23','tfergusonv@163.com','351-(926)649-7019'),
('Katherine Lawrence','false','1972-03-21','klawrencew@flickr.com','351-(335)916-5993'),
('Fred Wells','true','1960-12-21','fwellsx@spotify.com','62-(618)577-9297'),
('Jane Arnold','true','1966-01-13','jarnoldy@home.pl','595-(751)492-5666'),
('Martha Scott','true','1998-07-22','mscottz@flickr.com','27-(351)714-4851'),
('Mary Mcdonald','true','1982-02-03','mmcdonald10@fotki.com','970-(455)143-7068'),
('Aaron Murphy','true','1991-08-04','amurphy11@wikia.com','63-(962)465-8490'),
('Bonnie Reid','true','2000-06-25','breid12@comsenz.com','221-(682)674-9268'),
('Edward Marshall','false','1965-01-25','emarshall13@wunderground.com','86-(396)768-2164'),
('Ronald Stewart','false','1990-08-21','rstewart14@nih.gov','86-(965)876-0082'),
('Ann Wilson','true','1996-11-04','awilson15@twitpic.com','1-(314)218-4316'),
('John Coleman','false','1961-10-14','jcoleman16@hubpages.com','1-(336)284-7459'),
('Diana Rogers','true','1966-07-24','drogers17@domainmarket.com','33-(342)174-8892'),
('Catherine Hansen','true','1968-07-11','chansen18@earthlink.net','66-(904)178-2588'),
('Nancy Martinez','false','1967-02-24','nmartinez19@indiegogo.com','63-(320)404-7280'),
('Linda Mills','false','2000-01-03','lmills1a@cbslocal.com','62-(337)101-3272'),
('Bruce Hayes','false','1971-03-04','bhayes1b@w3.org','86-(859)353-0484'),
('Juan Hayes','false','1962-11-04','jhayes1c@pbs.org','62-(759)745-0150'),
('Robert Mcdonald','false','1980-07-15','rmcdonald1d@pinterest.com','63-(493)364-6764'),
('Brian Smith','true','1968-04-11','bsmith1e@netlog.com','81-(830)526-6026'),
('Donna Burns','true','1992-08-30','dburns1f@mayoclinic.com','86-(304)800-8117'),
('Todd Larson','true','1999-08-10','tlarson1g@bloglovin.com','1-(801)111-6983'),
('Edward Jones','true','1974-04-11','ejones1h@artisteer.com','7-(815)622-9720'),
('Alice Gardner','true','1963-03-10','agardner1i@is.gd','63-(980)498-6415'),
('Nicholas Richardson','true','1993-04-25','nrichardson1j@guardian.co.uk','86-(628)630-0995'),
('Janice Black','true','1978-12-03','jblack1k@comcast.net','598-(492)684-5653'),
('David Boyd','true','1989-10-28','dboyd1l@sourceforge.net','86-(607)891-2018'),
('Jason Mills','true','1972-02-19','jmills1m@bizjournals.com','66-(482)387-4762'),
('Jeffrey Gonzales','true','1977-06-10','jgonzales1n@google.pl','1-(987)477-1564'),
('Jacqueline Kelley','false','1982-08-22','jkelley1o@delicious.com','963-(761)831-7963'),
('Benjamin Holmes','true','1969-02-27','bholmes1p@nsw.gov.au','55-(151)407-8761'),
('Joseph Watkins','true','1996-01-17','jwatkins1q@liveinternet.ru','380-(931)692-4012'),
('Justin Robinson','true','1982-04-29','jrobinson1r@hugedomains.com','351-(226)560-7173'),
('Phyllis Brown','false','1974-08-15','pbrown1s@altervista.org','86-(286)704-0340'),
('Joseph Arnold','true','1991-09-11','jarnold1t@smh.com.au','51-(300)108-2524'),
('Shirley Myers','false','1976-11-16','smyers1u@reddit.com','62-(364)925-0757'),
('Mark Gibson','false','1994-02-11','mgibson1v@ustream.tv','86-(631)679-2983'),
('Jesse Robertson','true','1976-09-29','jrobertson1w@jugem.jp','86-(832)372-3634'),
('Janet Wells','true','1981-02-07','jwells1x@cnbc.com','591-(290)463-2062'),
('Randy Chapman','true','1993-07-15','rchapman1y@moonfruit.com','86-(544)574-0366'),
('Alice King','true','1971-01-28','aking1z@friendfeed.com','46-(671)146-6225'),
('Jessica Rogers','true','1992-04-01','jrogers20@shutterfly.com','62-(999)116-2685'),
('Sarah Gonzalez','false','1983-03-22','sgonzalez21@google.de','63-(755)455-3720'),
('Roy Alvarez','true','1969-10-20','ralvarez22@spiegel.de','55-(446)644-7192'),
('Anthony Martinez','false','1982-09-29','amartinez23@hugedomains.com','62-(532)746-0909'),
('Patrick Cook','true','1968-11-02','pcook24@zdnet.com','355-(272)363-3838'),
('Anthony Diaz','false','1978-05-13','adiaz25@bbc.co.uk','992-(437)885-7445'),
('Andrew Snyder','false','1984-02-02','asnyder26@weather.com','62-(493)904-1676'),
('Arthur Carter','true','1985-07-03','acarter27@photobucket.com','355-(438)896-1133'),
('Barbara Gomez','true','1991-09-15','bgomez28@amazon.co.jp','244-(861)419-4935'),
('Michael Alexander','true','1990-11-27','malexander29@over-blog.com','352-(154)372-2658'),
('Todd Harris','false','1964-10-26','tharris2a@npr.org','66-(329)749-2457'),
('Craig Diaz','false','1964-02-20','cdiaz2b@opera.com','20-(458)526-9016'),
('John Payne','true','1984-04-06','jpayne2c@blogs.com','63-(645)449-9751'),
('Daniel Oliver','true','1964-02-09','doliver2d@edublogs.org','86-(456)540-0366'),
('Jean Torres','true','1980-02-20','jtorres2e@bigcartel.com','62-(549)470-8890'),
('Gary Burke','true','1996-03-18','gburke2f@squarespace.com','33-(509)512-2886'),
('John Lawson','false','1965-02-05','jlawson2g@harvard.edu','55-(280)518-2720'),
('Aaron Gardner','false','1999-05-24','agardner2h@businessweek.com','502-(859)745-0809'),
('Catherine Reed','true','1979-04-28','creed2i@nydailynews.com','60-(633)475-5682'),
('Richard Lane','true','1988-06-11','rlane2j@webs.com','84-(530)376-7232'),
('Kenneth Wood','false','1965-05-16','kwood2k@homestead.com','86-(553)969-1673'),
('Steve Henderson','true','2000-08-03','shenderson2l@hhs.gov','33-(219)430-7414'),
('Raymond Larson','true','1985-06-05','rlarson2m@auda.org.au','86-(390)871-5841'),
('Anna Burton','false','1983-02-02','aburton2n@mit.edu','86-(741)224-1383'),
('Amanda Rogers','true','1991-01-06','arogers2o@epa.gov','508-(959)366-4368'),
('Amanda Ramirez','false','1993-10-15','aramirez2p@prnewswire.com','62-(901)482-0347'),
('Walter Richards','true','1980-08-08','wrichards2q@woothemes.com','351-(392)570-8488'),
('Daniel Kennedy','false','1995-01-26','dkennedy2r@hc360.com','7-(681)607-8605'),
('Brenda Mills','false','1974-05-10','bmills2s@miitbeian.gov.cn','212-(594)806-0368'),
('Phillip Weaver','false','1962-12-01','pweaver2t@princeton.edu','54-(688)665-3620'),
('Raymond Perez','true','1974-12-28','rperez2u@nyu.edu','972-(107)778-9268'),
('Joshua Palmer','true','1976-03-13','jpalmer2v@hibu.com','592-(635)270-0245'),
('Jeffrey Thompson','false','1981-10-04','jthompson2w@linkedin.com','48-(442)881-2500'),
('Kevin Stone','false','1977-07-04','kstone2x@deliciousdays.com','93-(254)342-9096'),
('Joan Gilbert','true','1966-03-18','jgilbert2y@latimes.com','48-(876)874-1427'),
('Debra Coleman','false','1988-02-17','dcoleman2z@webmd.com','63-(417)997-4054'),
('Lois Hanson','true','1988-06-26','lhanson30@blogtalkradio.com','7-(708)350-0858'),
('Anne Hunter','true','1998-04-15','ahunter31@amazon.com','86-(743)133-7563'),
('Beverly Perez','false','1975-09-10','bperez32@ucoz.com','31-(283)120-3494'),
('Gregory Sanchez','false','1998-11-14','gsanchez33@sakura.ne.jp','81-(990)802-9798'),
('Gloria Warren','true','1996-11-30','gwarren34@foxnews.com','54-(640)146-5777'),
('Julie Moreno','true','1971-04-10','jmoreno35@hubpages.com','55-(342)577-8867'),
('Robin Garcia','false','1983-07-20','rgarcia36@mtv.com','255-(221)178-6229'),
('Mildred Price','false','1992-09-15','mprice37@cornell.edu','86-(302)713-9510'),
('Lois Carter','false','1963-08-10','lcarter38@rambler.ru','387-(603)599-7038'),
('Martha Franklin','true','1988-09-16','mfranklin39@reuters.com','86-(638)228-5248'),
('Scott Cruz','false','1980-05-20','scruz3a@fastcompany.com','86-(835)497-0904'),
('Fred Cook','true','1964-10-14','fcook3b@bizjournals.com','86-(517)509-3014'),
('Amy Gilbert','true','1996-10-30','agilbert3c@squarespace.com','55-(483)321-0399'),
('Ryan West','true','1981-11-21','rwest3d@amazon.com','598-(197)679-3133'),
('Donald Carroll','true','1963-03-23','dcarroll3e@networksolutions.com','383-(188)697-3242'),
('Brenda Black','false','1991-05-01','bblack3f@plala.or.jp','81-(896)984-3271'),
('Larry Ferguson','true','1988-07-07','lferguson3g@ifeng.com','62-(525)748-3436'),
('Kevin Lee','true','1997-01-24','klee3h@businessweek.com','86-(981)840-5273'),
('Lillian Carpenter','true','1991-04-16','lcarpenter3i@nydailynews.com','380-(335)514-1372'),
('Johnny Kim','false','1963-09-28','jkim3j@irs.gov','7-(838)728-7773'),
('Victor Morgan','false','2000-02-23','vmorgan3k@dion.ne.jp','62-(844)287-7580'),
('Louis Hunter','false','1984-07-06','lhunter3l@uol.com.br','86-(428)854-8702'),
('Karen Lynch','true','1996-05-17','klynch3m@blinklist.com','507-(579)913-4048'),
('Antonio Hunter','true','1965-04-25','ahunter3n@google.com.br','7-(479)127-6226'),
('Judy Peterson','true','1997-03-18','jpeterson3o@state.tx.us','351-(780)735-4317'),
('Annie Torres','true','1994-01-14','atorres3p@oaic.gov.au','53-(261)643-9191'),
('Henry Grant','true','1980-09-23','hgrant3q@amazon.de','86-(527)186-6724'),
('Justin Lawson','true','1971-10-15','jlawson3r@barnesandnoble.com','66-(636)278-7317'),
('Sean Hawkins','true','1984-12-15','shawkins3s@trellian.com','420-(238)131-1254'),
('Roger Murphy','false','1998-03-12','rmurphy3t@businessinsider.com','86-(329)569-0228'),
('Kimberly Robertson','false','1989-03-01','krobertson3u@devhub.com','66-(786)293-2397'),
('Jane Robertson','false','1978-10-22','jrobertson3v@webs.com','591-(205)766-7918'),
('Wanda Ross','true','1968-11-05','wross3w@latimes.com','86-(418)338-3907'),
('Harry Ferguson','true','1997-04-27','hferguson3x@ocn.ne.jp','86-(825)916-9714'),
('Terry Wagner','false','1969-10-05','twagner3y@vinaora.com','86-(665)887-7046'),
('Victor Cole','true','1961-06-19','vcole3z@drupal.org','502-(166)448-2619'),
('Donna Armstrong','true','1977-04-02','darmstrong40@google.es','970-(135)413-8341'),
('Larry Henry','false','1965-09-14','lhenry41@skype.com','33-(923)362-6929'),
('Rebecca Evans','false','1991-08-26','revans42@issuu.com','62-(454)718-8833'),
('Keith Peterson','false','1990-07-08','kpeterson43@dyndns.org','62-(410)342-9993'),
('Craig Fisher','false','1980-07-22','cfisher44@yahoo.co.jp','86-(607)166-8200'),
('Evelyn Payne','false','1980-05-06','epayne45@phoca.cz','261-(434)662-8216');

insert into vendedor values
('1KQbjLHk7VqDFyq6fojgNsDZohBYP42wqv','梓彤梓彤','48-(490)326-6857','15FZFiSyrPTRJHVuGnpoTWoH5E4v7yq5Ux'),
('1AibMantV9542cq2NTaQ5G66eUaWaM1yp7','鑫蕾鑫蕾','48-(567)344-2959','1LiDuYMbu9jBgvMsG18dpyzsuJK6NaErcM'),
('17LPXEChcYqbyCmw97v4bXQS7XZtfyQdc7','芮涵芮涵','62-(133)434-4174','16rJ7V1VNYhCg3V646dSgwsLRaxhzuhXYk'),
('1uK1yYVp2M3kKSb9YLPayi1fGXvg6Q5rX','俞凯俞凯','57-(216)473-0634','15BXLbEupBn182d2dLkMNViTJMtzvGzxFt'),
('19dpbMV8G7L1E3CvkgyRDWDC3EP9WwbEXL','冠泽冠泽','62-(837)140-1015','1JW4bXW4sHHTtGuGxVqTuUHrFhqzio2nBa'),
('1JvvfBY7msE99kxysHB92HJTM8zYPmsHYW','雨萌雨萌','86-(726)478-9527','1CE4U7QhhdrhTwKeP4EZBXjEnYtC2EtmMC'),
('1CRonkdy4BsqoXqaZwLoy4P7nUkSrPCtr9','静香静香','358-(950)740-5377','18xV6bt3cRaknVoMz8tCRz3WK56bu52TDV'),
('1LaJrGf4dpAtp9owxX79PiGvf4TC1EVe5v','培安培安','33-(680)983-2837','1MEHbGWrEQo2QRX66jVajVuXcWx996LHsK'),
('14zfxm5qVrYvSRDhx1y944uBz6MBSh5Lcq','羽彤羽彤','63-(748)948-9553','1CViyyskNcJuyzAbVZ8FsZQ6RiNRpD4Kob'),
('1EiN7j4rCgkCsz1se7g89f4mHo3CMmRPyC','玺越玺越','7-(299)224-5131','19U5o1wra6GpeHt6Sn1DtQBwdo9f1kQfHm'),
('19GSds6WuXRW5CJtBQPh78zKPVDKY7hweJ','远帆远帆','352-(526)234-0443','1DYffHVenUUtZK1DGgUZAA5VnyZEYuMkhu'),
('1DHnqXHHFzp33MFkEYBGKfFFAhSLTDD1D','博裕博裕','63-(902)802-3671','18SYjJBaXAHvhUt6fJWrvFfEFzuXtryPUv'),
('1Hr7Eq5LVCkxiXj3Ac3dqkxURGMduNEMVW','睿杰睿杰','33-(479)829-7270','1KLy4UbV5jWyJthHApx9EZjHbx8eY2gZ3W'),
('1M7Z8SPLRpt6uzuiVUZrWJJD1BRRkAMTBj','笑薇笑薇','86-(711)599-6045','128ZNwHireESh8yYvyACWTqVfCgVSbwz7g'),
('1CHWba2qCR6uuNPFrT4BBfznZ51hMVcJDQ','宸瑜宸瑜','86-(282)165-5293','1KoP5TeLQRmswr2XjiJntapRUsKPtCcQqr'),
('15LsvsdaqLVJq6Z6ZbZ5KHtCoLrqw5qsEz','雨婷雨婷','48-(239)361-6867','16uiAoYUn2FziXEGEbHrzpzg6FLLBdqHDF'),
('1G7KUNzorXKTwGtxm9CdmzMEH41nUgukVG','宇涵宇涵','63-(948)410-7452','1Eiu2ahhgHJAAVRSD4pxDaxfcMjk8AoTyC'),
('1KPNDxYHBymYYWJAoCdfHHHfv2n88nuHAN','浩霖浩霖','375-(131)307-0737','1AbKJDZMCbDYKJjLjBsDsudng8nRhqEP5k'),
('1MLHeyeycPFKdFNHKKJtzo5XK7iBD9FiGr','思翰思翰','225-(710)389-1609','1H1fgM4k84pkJXduxi99TkUeezZh1jwCrW'),
('17MmJ5bDhMcdA46k8NrJgnAcZ6tsgYYrUe','睿杰睿杰','86-(348)476-3407','1KaDJtKS3PBR1Aega6cf7uvAgisBDatwGQ'),
('17tbiQy8NaUF19mE1vvGm1MeZLrpYiHchy','梦洁梦洁','86-(869)174-2009','1LFg8No37hW6SDLHr1mVXJPLjNrHxjLaDk'),
('1N7PGWTuMH8c8dqD2AV39NfVE76RwBxmoQ','烨伟烨伟','62-(699)488-7176','1F59e3HKYEywJgCPqJ1XUaxcbJWnKHR7rF'),
('19WKdTvqXy9RN2byeW918sFdzSEj7i3kdK','伟菘伟菘','976-(491)198-8055','1N5mypL3sBZj9xk7y6bcxnBmyTam7rDrki'),
('19x2MojkQGZfEtARQwEFRGbrYtLhFT1jAv','淑颖淑颖','84-(139)903-3320','13YZrTNUEW2RtA44J9USD9N3Gn2CRBqK6r'),
('1EgY96VQzM2FBfFNpnwRXVoD34zYQTQrME','墨含墨含','86-(835)444-0036','13JLMduXnEJ5Yjt38PJ9NAVZd8Z7SbxGTu'),
('1AnPMZePU8ws9v2fTbdbXEPzHcXWXTzo6E','婧琪婧琪','86-(985)671-9533','1PYMjLe4chimNF2p3wYWBDfw824VJSF2RH'),
('1HrNZcdwV1oofFD39fLnZQ5KvBPVKT5no7','若瑾若瑾','226-(484)210-5878','14pFEVZ6MAUn91XKz8Tw78s5HY3x8efmo1'),
('14b7t6urABNWRHaBmZYGg7PGK95fBe9KCF','清凌清凌','62-(236)355-2154','16yfnF491AqcmW2BX9nNvQqEjCMaPZVH8z'),
('19B2EMjshtzbPbnJQQ47S4umN8kkxSke6y','婧琪婧琪','86-(105)253-2025','1KBTF45ebwn6DEDt4uuBxQCXsVx6KkKon9'),
('1sHNdYuhqDVEWRSYihuJzYzM32Ptmr5BZ','浩霖浩霖','62-(888)153-1812','18FRnzDv1KWFkqD1PsLyMEr4KmEVQruS8t'),
('1LoxYQyMjGkeyWmaSP2oct8tFtncQ2HbAX','漫妮漫妮','86-(590)285-8412','1JUzYMXPsPCoBH9J9wyFNyV1r8HaPhb7Hd'),
('1FDoKkkndjA54UGbjRrpjxnNWQYziiY4Tx','雨萌雨萌','231-(551)424-2868','12P1hqZEAcwDc9wcmswGVH4CDfsk257MXA'),
('146GMHReijbopxGSeE7fFcVJzH4aTVbpi1','永鑫永鑫','63-(974)101-3457','1Ciyw5FhsB5s2WTfUFArcWhX9Bs3m3x23i'),
('1CJz9v3UsdcKREsKR3sn1JwWqJEXqmu3a6','晓晴晓晴','54-(816)521-3242','19AqzpvjxTpYnJWpWfts7zsQ8FwDk6Jw3E'),
('1KZnVtYv1bzmvkbpHkYTGgUEm1dXKxJyHs','依娜依娜','380-(672)282-5615','1H7wP26D4pwfvM6rtwb22fdp7DufKLnWss'),
('1JXUS2YH3hsJyMSm6ZEsjWhJdZk3B7tiXP','宸赫宸赫','30-(282)209-0749','12XG3m8bWreWCvxwrd1u6jcHZTqqUgSsrz'),
('1BacHFC9JyXw11qxbTAdnfeCCa2aazc1Xa','彤雨彤雨','54-(973)696-5444','15Ge1AQDsmek4t3ehQsP8FJJxSC7nam3wT'),
('1Mwk7BbiERwyRrmcj4nPYAYSNFbw6xmNWE','嫦曦嫦曦','44-(347)568-0174','19WXFSCfhY6m52jCqadsoSFa29z8RQgdp7'),
('19QcSo8mjZzT7RPjGdeRkebpGCd6Per4tY','烨伟烨伟','63-(691)378-2073','19WxgUfJYHDEnMZiMaZasYzc4sBU541b5p'),
('14aT1b2AuNAi5RNGBXGJtj1DP8XPk2ifMQ','宸瑜宸瑜','81-(772)949-2542','19KHdRPoTV2q2gLnSJ688f4ehm61RrNaKr'),
('17smL5YtLos5sNCKaKGLMn3L21F4CXkYAS','尚贤尚贤','86-(522)971-1961','1MGe8E3v6aPbxVfuFed4Vpb1o8kW5fLeRs'),
('19NB7wGzLWVM8teV44WwAS9jiGLEEeoju5','辰华辰华','507-(852)177-4329','17sFfDicckvY4uRbjDFbhi1TU53qSGJVTJ'),
('12UNB2giNaNBxZNg7M1mkNQzBAcki3K1FN','璟雯璟雯','86-(860)938-6157','1HMoAwvr3io2mzWnpSYpNFDVSNppAWS6fS'),
('1LBMm4SMqDDfcYFanFWJTHrQTSs5rptxGt','彤雨彤雨','55-(557)997-4227','1MB7YJK6jzv4zzEhuUJRF5zsLNZ1AKrpas'),
('1FMT2vpW3ED6xvhRsKa1YNJGtzEezpBkKh','晓烽晓烽','86-(415)105-2957','1L4UxiXxWVWmQTv1qk76dLiGiCz1RBf5qy'),
('1NeRCTP1yggZjBUcEr2ohCKNrurTGa12TG','军卿军卿','254-(543)599-9755','1NxFwfoDtpmp1VY6MrBaErezMQfqtyyCv4'),
('1LzE8U14XJkApJLQpXng4EAs4nVDdrbC9x','娅楠娅楠','62-(961)964-8495','187Yv3mZQc7wZugdnZWe28uoU1eBQupwhv'),
('1CKxocdC7Xob4jCePvj67KdeiNN1oGbiuX','辰华辰华','52-(551)682-6026','1Emg9141JRFijgTBSchMQ9KHWUcyiGbZne'),
('19ryktBPwSESNWtVMC32iwu2Q4pZ5GkYhV','伟菘伟菘','7-(587)954-6666','1HXnTPeZogzbdUsg1PMEr54KZLHLmAEanE'),
('1B4wcs59z9d9gfVCtyqe5WRrdC8CckYGnW','海程海程','62-(341)875-8516','1c6ZSv2wRPYSs9rxKdaRr75KeM4Yb7Sh3'),
('19N7xtbMqYP1Po8bToyWmt1zuBgSdKk9LX','明美明美','1-(719)142-4038','17TTfkZsuKGma1qS6RRUHKFhbd1qm8KSWv'),
('1XVW3yf6y1BjmFTcRZzkRTx5hddRMRoi7','羽彤羽彤','387-(947)560-0709','19zKe8rmST71GxNAEAA9FtcmFARNTJZhmZ'),
('1qm5yCgjNpaNX68xeWPR27q1p4hDn197e','云哲云哲','48-(751)968-1162','1ATbFyEWA5iYvT5VVZ915Z6Ej6Ve4yNYu7'),
('1LAVBF67UncsK7t9VEhCuEiR4dPJinZs8g','瀚聪瀚聪','86-(957)922-7443','18NHdWEoYnFNbLGbAmfjjnwD8rbpPRgJQQ'),
('13w3XNYGXnHtXs46cX6AgZydJRZoDVu1ho','若瑾若瑾','45-(430)519-8417','1HPBFoPr1WGUyRVKKXqDqqW1kB6MRETgJj'),
('1MqVt5Dfnw5QMPHuEtTrbtmb7FM7CaG7cU','昕磊昕磊','55-(439)506-9140','19ftNgNusEqeip82UoV3bkjMoMokpQF8or'),
('18tyBi9PRGhJiYn5oVZZF5BrDexm46PCpG','钰彤钰彤','62-(501)781-9043','1PJZkKsDRTcUYopEJ21zwRLEcA137Ng3DB'),
('19pDYHfqkDihbmUe1etpFf7NCXBKfJ3XJM','澄泓澄泓','30-(747)909-5017','19TAVhyT297uLhhDHmAWoGtoYY2Q7e5K76'),
('1FHcxMjH9iZufTS2wtxpbnTyBqjgduetQA','宸瑜宸瑜','86-(927)804-2081','13rJbfnDDn6R6Yih8KDYU5ycymuWSjMTYD'),
('1DEzWeER8ybUsZMeeHzB9NkxeooXhAXk6Y','俞凯俞凯','967-(232)560-9386','15a4QDZyfoepDC85B2QbtVay32MVGZp82K'),
('1CzoYsfGL9cK38J9zTT4tnWfLR73JNWPBf','雨婷雨婷','234-(516)947-7984','1BiwZ4DfnnavoyzVeR5H25iw12wPpPkLXG'),
('1PxdXwseMUtiNUfuCYNa9k4sgjDfmR77pQ','若瑾若瑾','420-(906)727-6190','1QCYHvCF9Y9qn6oMPDm9hLBmcJdeXNMsBN'),
('13ovDPCxEGnpuP3Gc46YQZMcVQBVCnNyXv','银含银含','55-(741)125-1020','1DCFKAUTuCdX1onNSVVPwWLHRSRZ7dsTct'),
('1EUzCyJZPZxDitk8zSiRPLVRQN6AjKFJu8','笑薇笑薇','86-(942)897-7972','12KT8cXGyMi3VH88Nn5wQadjh39spU6TSz'),
('1HWrxcs4QXZ9UFVRPrSgWBaKH3EnGFstrU','宇涵宇涵','86-(175)993-7430','1GNMT4x5zjSy4H3n7i4gmjf5kb5JhsFHFr'),
('194KRcr9Yxgum4f1ovW2SMD2kyL1cdNcnC','婧琪婧琪','86-(441)425-7105','15ZsZALwmSq7hoaCwubmswBEYVEU514RpG'),
('1D5moGegNk6kddw583FJZRW6QJJdq86khh','俞凯俞凯','86-(651)578-5203','1LLwvbTVpRb29CEUvBBwuvQGw1GoPMFknM'),
('14vaXyWo72KjBM9CuRN5cS353mVvma6Zvs','银含银含','223-(257)682-9411','1GG9ErEFQuPQQkMBSNjn7yg7UbcCFJQPqT'),
('1G5SBvryDnAoyrkd243sfQCfPgTNxbXFgM','浩成浩成','63-(614)502-9642','1KJiqnf2p7ikU6xvDeN8WFMdzenBJWkdmU'),
('1QG6GUh2GKYX879T9kw5uH86dzxfcZ8H2z','军卿军卿','66-(935)461-2677','15GSWMKyhqMHbpoxFScSpG5YwMs33U1rWv'),
('18MJTEEu3g79uXkWZLYLr7Tt18fhyWGtS8','明美明美','420-(849)849-7633','1MbQRMbgye3YT467YCJ2bJmxvrVE17pNgV'),
('14ynBKx4z8QxWd7rpVqHBvfCsU3V16fikL','哲恒哲恒','63-(518)399-5715','1NXQ9TdFMVt1ErU7cQSqchYQ4R336nfnZh'),
('1CPtxHY5GMVxva4K4oCnxBjgK2MTKf3f3L','思宇思宇','86-(184)726-0625','1Lep4QC9NN81uydqrjh1jC1HndJnZzmZHt'),
('1AxQeta895nUSfy1CwBajYDyzfX14xCsTw','睿杰睿杰','48-(332)868-2227','1GgwYNE1Z5gR8xzo7fXnyT6f73mF8FFNUe'),
('18jukFx5ZxtSXbpETzVLSHgb373G6mNC31','欣妍欣妍','62-(195)401-9607','15kDmLsgWUaoSw4epX5giJGZja8EHfamZi'),
('1HLPKa4GqwJjrhs9QRmXgvRaZ3BwnyYXLL','永鑫永鑫','86-(878)167-9134','14h7vTKbfcQjpqeLPt1XrkG2XZR8NEdbgo'),
('1CLQP8mq11AFWf7nBnZYQ3AyzbmQKMysrF','海程海程','970-(354)246-3806','1H7LCnEHdBbipQDAMSZSiR2ocnqCfTztq4'),
('1CMEhGwTaCQCawukYo9rqHwDLUhuSZ7YTx','龙胜龙胜','81-(284)155-9051','1CrMvtgLf32iRRtKWYb2hpxyNmkDVqi4Qr'),
('1HoEiDfCNZTskHfPc3rZQEKeMvw4xWM9nr','欣妍欣妍','7-(237)619-3457','1C4Y5pCcbFDoBFHsPzHDXhPERiNUM9hswu'),
('1JN9Sr7aXG9zDvHe3Ns4tkH5tp1xgnMyAk','晓烽晓烽','7-(433)485-8152','1HwPkyrhjfVL3pVM7YbfuX5yxrMUHk3gSr'),
('14xskyQ98iDSZ4Hfr4Hp9EXygxsqnLjXwg','品逸品逸','996-(969)221-3861','1P9jPS2RrFPsPen88bBHfESasmVdgrgTHp'),
('16c5WRs5sNSuC5PhwWTwt61Jf16ZeKERfH','梦婷梦婷','86-(212)574-1421','1pWYD4DUG2PwNFa5aqiug4XZTiP3JS2y8'),
('1L5esYbqMK38HTgQanz3eSmn8b8S8Th3xG','伟菘伟菘','86-(195)313-6009','1KvvutaqjNvoptiN4WEXDJWYcZy5F2UAwT'),
('1BKutFJb2uc21hEXin7w3sMMz5f1gD42eJ','昱漳昱漳','7-(166)856-8335','16NNmoBYmrZbd1CrVpznJidGVW6maaGdkQ'),
('12CZ9wXu1pEjYDjB59n4XqFb432iVSXwYr','宇涵宇涵','86-(615)316-5932','12LHZaBguLwghi9evqa7bEAbpqEin1TkmK'),
('1LEYU1zNq8BbAB3b4EPbN24zLiiBcp65Fh','龙胜龙胜','260-(505)573-2107','16YTcCPED2Xbb3yhZ8Vq68diYaGi14mAX6'),
('1BBy6QWxXb15tVBqsyaTgnWyzmVrRS7V3D','俊泽俊泽','63-(218)699-4742','1HMjd1tL4esEPvuY7UnLTvfnmMMw8cSk5s'),
('1MHr82zWCgBEZ3SrkE5NkcvD7Wd7ojv8PH','哲恒哲恒','380-(848)393-6922','12gm5D2U8kiFZPZ63w1rFvuiQmTGuPYJuX'),
('1BtkB6vxGjJCmc5ACASYavGGDtVqM189tZ','墨含墨含','233-(419)857-3127','1sgsipfid2u8mRs6Dyk5QpDtarb5EYRVU'),
('1438PezXyL4rZ5rjkjpfL2ENzcVi326t73','佐仪佐仪','7-(236)194-3350','15aeQe1dwPhc4n3Hj9k5CdaWDGnRe6gyrK'),
('1CYZGSWsT6fLucirRT4cyz8B35vZCqe7TF','尚霖尚霖','351-(710)329-6334','1AUve7K9SGFMYFXr5Ue3CfZsTk1Vtycrzm'),
('1AnEDdd6RLyRgNKGDFeSvtQC9aWHLeNLWJ','清凌清凌','33-(597)142-8882','1HxNmgrirpRdW7Ma9Z8AAQ6N1LmqLKmSQ7'),
('14GBUdQG4s69xphiN58MnFoEtqLxFmngUb','婧琪婧琪','54-(978)165-4255','12nrL7m9jKCeWi95iisJx2apPHVtzpz5cj'),
('1JyVs6GfAVazw6JbQLcSvwAfDGGVCJqFeS','思宇思宇','251-(162)422-9271','18PK6yRzhb25dPfj4qCDknrRnrqtQzmktz'),
('18RpdC2DdvbeddiNXxCiJ78PCSNVPWT2eK','彤雨彤雨','54-(777)990-0094','1KMj5Am3FZkM7gqP4DqrSkb1QJ1KQsCZPf'),
('1LcEJj8CHXcciJVE238k8QU5vgPhfdkWBA','博裕博裕','86-(204)700-6972','1wJaoS9tSApxyojY7tanWADTdAUZY6bov'),
('18TmJkuvVwY8kWmgVdvGF16djTf1kEoe9R','佐仪佐仪','7-(130)502-4540','12E9JZuYZMripeXsuqffPfaPCty9T8Korq'),
('1624zS1dsRT92nkt1P7ZfQu2N7x6Hrp3uo','雪怡雪怡','55-(739)953-2286','1KJCZq32gj9wcUL3prZFc98T8kV1sQgtzE'),
('12q4ZGkmJnSJb3yzfmhhHmfJVZU6PRxHzy','哲恒哲恒','57-(710)844-8561','1ESvdVZQsVf6RCtExVe2zr4s39KA8JzQoz'),
('1HrbMzYJdKPzb13gxmsW8HdByLwPuyA2Ms','培安培安','48-(916)254-3153','1Dcz5DMzfh82RvjNZJEsFjZHBSNs8RYkAR'),
('1JFNKnVFi9Y9jMAyJ4uL4pKcwpHf9DYbz','雅芙雅芙','62-(744)500-0190','1NiKjubY9TwYM6oLWjuDThqSvYod33SNsA'),
('12XageVNsuBEwjjVHFNvLV4qkDC7tdkaSB','晧宇晧宇','86-(201)890-8771','1NRRRTguRzxnc9ZfBhQJtz81cxJPhbgVXN'),
('1D3sGxUBz7pBRsYcLJwViVM1z9PUm7Yfju','明美明美','86-(456)327-5753','1CaEcTGQ38LJqCJJh7fpEeDT49jEG1T4Zx'),
('1PBk3NRboYJdxKaA4C7Ns2uMVkw4uFyQaM','展博展博','86-(606)286-9044','1E27fCEXjdEwC5cp5czsCMMDzt5SayK27q'),
('1ATXSxQu89NtJhjpLtwMBzXKaePw4XusYr','嫦曦嫦曦','63-(186)865-3492','1KBLL5scKHpqbufu32Tx8Joc5w7sHdPnny'),
('18vWNzhGVjQrqrth2QQ3Aqv4Wr9BC9MuaB','冠泽冠泽','351-(910)572-1283','1NCHYtnSxNnJgsLxV16BMd3fTbX426rK88'),
('17VZmHcyQooNNSyaAtkW9JoFBXNFHV9DmR','思宇思宇','86-(297)833-8620','1E98nrFcZdfZ58ZAuJi7x8JxtuXB3CwABg'),
('172GBBEbMLbbL3yEwCbfayk1SMA7p61PLB','军卿军卿','81-(354)137-4191','1HFY5ivhayMXC9Ugwokd2TnQR3qRKhwUPs'),
('14jhHJbUXoesXqQr5iYfWmayqsmmKdfFgh','怡香怡香','31-(995)126-6656','1BEgpjoVEhYbPqkNHvJvPzdCDMmXbEahMF'),
('1L678iGSsqii75aXRWNU5aZKEsuehkaK9T','辰华辰华','45-(456)499-5914','1CmFZ9JJh4v3cJiT84Ew1yVhJvpnGNW2HZ'),
('1NvWkVV7qwxgm32oVAYeccNEGPWpJ6MbYW','亦涵亦涵','33-(895)610-0334','1PhUNEQ9C9xoGeoyVG5bwVz2VpVPehE5UY'),
('1DPhkhsHwmgNgTsDPUq2Gz7RsEjN8X9BQt','伟菘伟菘','236-(407)583-5096','1JVy5KK4KPWBV2VWh1dTSN7YVyTJPXL8RW'),
('13F3jN3FFSi8Pb6PrzBGRX2imk9geM117k','彦军彦军','81-(137)849-6023','1FNvfV2Qa6WLu9o71tSFwAt8rAAfTzPEfk'),
('16tkpmT7TNkqejugUVNrs3UC9C4mSA5EDn','彦军彦军','86-(442)884-2982','16BYyvJoNNtkCvg2Vp7n87mxtu28Mt5XkL'),
('1B81goJQzk2psm93CzWtH2bHbjpY5ipxjG','宸瑜宸瑜','86-(393)838-3994','1NazMjjZ38Dptw3Z5yhdeB3foDfsUP4xGW'),
('1M6BsLrH6xtZEZSxMw4oLKFa7vatx3H8Yk','可馨可馨','62-(474)983-6884','1FZVe853An9soEWKuud8RUbzxPud66vbho'),
('1HQvFukbhbEky5nG1HtBuZb1mC8iwyygGQ','俞凯俞凯','62-(171)303-2001','1EWEvncaEefPVc8QMu5QVizN8PaQGsjwT9'),
('126DJqN64Mpfdro4Yasy2PqGxbEqCR4kYq','尚霖尚霖','48-(390)715-6425','1A5YdyMPc5kx3EGDenyi6RCAVrQTjL39sa'),
('144VGJ1oNzXpdgsGGo4qrWHxTY2TPcPMWb','雨萌雨萌','998-(832)418-2564','1AkGVCJkMuECXg92QpKmWqsxNkfzf1DLk6'),
('12i1m1gPwAujdMtm4c1jRYBBXpkb4T489i','轩硕轩硕','7-(531)927-9665','1HALrF4nwQJZA1sZqxQ5EscZLjUDrVKJ4V'),
('1L6xzEjR1aCp4Su3RJuf7ZTvWFL2XWB1XZ','永鑫永鑫','86-(343)734-3500','1KtPTJ6EcC9QoqqYRdoCf4rVw7JKvpg4D'),
('1BHWCVhBxGrKMeie8HuhTT2aJ9mqw44RCe','博豪博豪','86-(550)737-7882','1JxRWRsKoYRPjjn6yjUNxP4KELZ8h5iPkb'),
('1J6jVCxTUUPiYWot2xa6Lw9NyxHnxasuRv','博豪博豪','55-(172)819-0323','1Dvves3Gxmmj5P1Cr92cRvoFSpDXLD9JkM'),
('1PDHU8daP48owgDU77DRLv3nuMjwd9HH68','俞凯俞凯','63-(266)151-9781','1Pus4CEYd96eCrXb6eMzrfhvi2rCzChmk9'),
('1PWJQZ4a4iMsAjBy2HVJSEGE9Fu1wtTjVE','思宇思宇','86-(101)600-2283','17jBHe7bcQjLMQ1ioEZ1hSEcewF9oYHmdH'),
('146xspoBHgeZjov8ACHpso5s1HTzbp7sVX','美莲美莲','86-(570)690-7812','143FYbxaRWYFPPReqEkgCnxPeW6cAkAdbg'),
('1akNtfGHVEW9SCjTcJJw9sUwGaU8boXDa','志宸志宸','354-(944)116-9723','1Ceg7ht1nzniaRUF8tmPcpcr2v7Wk7aNwV'),
('151v6CGfnyjdSkc2Geyp13GQduqXhywqJu','培安培安','86-(815)775-4464','1Ku7ofTJguHD6T7pvX1JyGa43wfEvw4kWG'),
('12NauTSKVZNxTen86sM45vePq6hKrAXxXW','丰逸丰逸','351-(191)240-3924','1LYRKH75ujN8gPppba3DxnJ3djRoggHJKS'),
('1MU1Ww9fquYNN5eZfmKkHwvNh5JTqT7Ng9','碧萱碧萱','62-(801)122-1746','1XzcF4w8e3n7fyzPWnjtZqHWQ5UMbGadC'),
('1qRUvX2puz8kyqQwL29RZh2kh26LLiDiD','云哲云哲','55-(415)303-7448','19Uc3hDJxSAJtwhS6Qqhx4qX4dBYt36kqo'),
('1JiEh6KrAZu7LtM9zEzGqdWb1AriVr9ScQ','俞凯俞凯','86-(947)878-9513','15XM93VHAMi3uhyCVAXf4L4123eJnYntrc'),
('17gVQEyfLyAeysdiRJGS7P6CNdLCsmre5h','俞凯俞凯','86-(888)388-6414','1DUPsXKMgRYKqHAQxoqUtNvGd4Pd9Zrk5a'),
('1Mxsnon2inM3BMowoAZnSVrbW1a8xP53ab','碧萱碧萱','86-(745)545-1605','1HtHe9M9JFzwbRqpnLKjoKxxS95hDHvJxv'),
('157oEiEsYjCjrY8GwS7to3T79Po1sCBg7A','美琳美琳','60-(307)259-6524','14695EF8hiEWtj3Kpbv55y62kvMcQ2TYvA'),
('15ZyvXjwPBo22ZqmbANvqi7fuVz1Dqk7Ei','泰霖泰霖','62-(864)382-3399','1G5pki7RijYJzpLAKFQgdsKYSB94rV8Vym'),
('1ruSF3rS7t8qtP8uDJpN2v8T7qVJ7gLLi','美莲美莲','358-(164)874-9567','1A1CtZz7Y6LZUDg9Ecfm3GrvZcyp8nFwiy'),
('12DuZv3nba7cZBJ1RBx5Mc2K7ZVA511VQG','睿杰睿杰','976-(991)761-2343','16X4v13LZXoJzjQc6YawiBk1ZKTJMmKhVU'),
('1QJZjDgxs9tdYht8MRK4stJeHMs5DaFAaQ','佐仪佐仪','374-(706)868-0090','12YiXooUBiHjWkKRQgCfcVZeDmBcWCJaUm'),
('1DQfejMT6fYVR7XjXWEM7e9paxWfnd2gX2','萧然萧然','66-(621)227-9084','1JVE6aUgDnsoB6XcuUgEn3epDdw38e4moj'),
('1JKEEobLz4cA6FCL4ws28GRVnsJx3Lkpme','梦洁梦洁','62-(324)771-3442','18P5CD8tJ7qAK9wDCSZemjMf5mThvvhfiZ'),
('1MVygYSvsLKD6YLXSetu4uckRLG5KDK4aT','宸赫宸赫','351-(814)482-1587','1MS47cL7Tj5JdYKV3ShqVhBC1cijdC4ps6'),
('1785vW935wfApRqU6WLvqJa6Hw3ZiDd9PG','晓烽晓烽','86-(350)719-9014','19HKrLompfnZeAMq8ci8Fjs58QFdvR9n2o'),
('16a1qKdH8PeJmM2FAm1ii63XDS3m3vpfVK','彦军彦军','55-(790)767-7665','19PyZcDXzKRgDGHwaadnHrEJ36H1785Cz7'),
('13js4hrteTfe8p86RB36SffUL3DcQRPc1A','月婵月婵','7-(762)222-7887','13ukPE9vJBgcLsfwp4zCtL4jvnz1zwpSrP'),
('1EbvLoCW9sWpyaGGnQB8WFWWVkNVJ1QxBG','远帆远帆','33-(751)987-6470','17S2PUmx4ipigpTMQiY5XSzYJ7Ppwvra7v'),
('1EZURwf9ALnKBMMEjnH46CnTK4o3bAdu7W','芮涵芮涵','86-(184)971-4067','1A6QHSBQUZHji4Tivdzk8MXdMcMceV3zGZ'),
('1Lc8NRvX6oiPB824ZnPPtFauQcWt1LCQKd','琪煜琪煜','82-(913)425-8391','1ACGS7irT92eLz3WkhPKbQkjz38seJh2Er'),
('166o1hwVbe7jeUvFK41hi6fJysuj2uMFTE','培安培安','351-(531)318-0510','1FADPDgeFVFe1LvbocxZRFcAUg7UfoN5C7'),
('1JRBC92MUT6KspM1XGUkZ5qmGHRGzh8QZ6','冠希冠希','970-(503)195-9164','1HJK3jWAXMLtg6bYGGfF5i8aLqyCEqPgNA'),
('126SZy4G6jJZTQrFzPaeSLVraXFWeSfQFD','冠希冠希','30-(824)440-6425','13qkBzuiccqHWPzQZvYyMK3aQvPRtjymd2'),
('1FUipFvc8jumyuPWre7yFtCFH5Kfr1kesW','永鑫永鑫','7-(211)745-4193','1AqiNG8qoCdebYJZyFvn7hTWymWx8TFKWf'),
('15hYQ6WwPMwkfNGNouzjCdW6Hcap6bTvWF','泰霖泰霖','86-(287)894-2361','1H3gtwEoxuwaqodqzAN8ChwvvKhGGVtFe4'),
('1PSYyrpCaEk6BqBX4RRoacDfPxd9U7Pmo1','永鑫永鑫','502-(277)897-7641','1BTbHRSL2mkRRfAHgbeNLmqxSb15gtY7p'),
('17mvpXEd5ybB8uBbAjeZDtsxnep9dGwMQQ','龙胜龙胜','33-(686)914-1827','1479iVNoSrQTg8H5sBgVHnn7WwwMtjiANY'),
('19sYFDusfSh8LFgSB97ugWvfNp8MdoxbyW','瀚聪瀚聪','51-(806)326-4533','1Fr3LqTTsBpbaFS5yBhkjJr8RQqF7TuGWN'),
('13BBob5yLC7sUeB3PNCWGYTBqxjaFQz88t','博豪博豪','380-(351)239-3200','16t3QmAaiYTaHAUBgfcPHoXuyW1MC8LURh'),
('19T6WeHFLN2SvoB4W2fxgUA7HVPmk1Zvxu','雨萌雨萌','48-(666)759-0888','1BkfuevWsbgHNqLLxF2VLdfSsrLZodJBDA'),
('1KXMXVk6d7G1HqTsBQDJLsj83J8iCxUzJR','雪丽雪丽','62-(222)723-3536','1J62XQ7Q6B2vj2RdXunSsv2YxLWWv8NUGe'),
('1LLNy5KpvuEmh7joiCr8wizQg1QNC1ooc5','凰羽凰羽','86-(940)706-7270','1JjFMbw2Hj94LToPe6WhJZai5TtVyx6ZhX'),
('1PZLHyJfiyhrpY6aFt2gH8EVMZ9J7HcdqV','辰华辰华','62-(776)536-8294','16Wy8ZbRMcCMgC6tnvVNkF9VJYdFRdLCEP'),
('1P1Nq9bwnMTfX44ymvqVkbyQed9hJ7YH8v','军卿军卿','43-(667)948-3414','1X9734r28nHNepMU4c6S4ghYP37CFAwpa'),
('1K1npKy99ikohAGyFmzWtPprrCFBc6WH76','宸赫宸赫','380-(199)699-3472','1Bv8v1MYPAQZFCzDpp14nkM5kghU4jhX9u'),
('1DZnSABt8xyR8sXvb5vad2gt9vhVC6LHt1','尹智尹智','86-(763)902-4657','1MuGyBAWLbiCbWf21d5Nmh7BN8KtAKdK7Z'),
('17jFnFCkan1JZyxJ8iXWz14fm7oXzqLeAj','军卿军卿','502-(334)619-6788','1HVibh7qYhsM8cCwx1Vq6Z5GZ6eVFoPpzk'),
('17TBL8axDm1ktvYC5RVYp5NQxGNEDTbkKh','梦婷梦婷','48-(974)295-1517','1B3P4GwzxksqdCts5K822XAHRPyz1N2STE'),
('14RXoxHiuau62JEEBB6daxHs7c1i6ncK3h','笑薇笑薇','351-(994)854-8917','1L7s2uKsUU77dJTtv2nfpwCm6LsYLZaJ6w'),
('128KfvXdrnzMvsFYqDcHdirk5Rex1444vg','永鑫永鑫','7-(908)478-9270','174e6TApCcYnJ3HTDzTJLkX68h5DNRKyHW'),
('1FibwwF8WRLKkp9C24tJimSeBryseNp2Mc','淑颖淑颖','86-(617)396-0277','1Mvvh5z3saz8FrsbFkAPavW7Vt9dqnqx3J'),
('136cUrAX6V7tiZd8ZGp9oDAZHT5GwJQpAC','欣妍欣妍','33-(656)140-9981','19gqAQTQcfhyzDQFBR9grFBkcqvpRYytnU'),
('1BnoGeWrmpSxE3qLMa8TUN23MrUsrBdoe6','泰霖泰霖','62-(875)424-8049','1DjCG4nV9qP7PqFWVRV3RmSuvPtr3B6gou'),
('1Dsx19E5Y25Yjab14eo17FmmPsDavYWC6i','哲恒哲恒','230-(963)338-3200','19szC98WPkGBrNBCbw2Zs6dmbtx8ZdDRLc'),
('18ydu9Hj2VCjbfJopAJ6JXJBRaor87A4Rc','彤雨彤雨','62-(263)675-8849','14n3anJx4M96u4zuAnQmSy4FCAfRNo5i96'),
('1HPJ4GhyzTYeM2g2eDF7BvrgPfeJmWhQGL','凰羽凰羽','976-(323)620-5747','1L1NacTgfcmHyeBijg7QouLaezB3fdGP17'),
('1Juz9iFQYwcreUwsUfNubcbRaUqtSjngSw','梓焓梓焓','62-(627)304-5518','1MZfM39T8uGQ5UKGpvfjn9atdhWLW1s15P'),
('18XcAo7mgtHzLUihQFacQBcpoKBcmXLtKR','俊誉俊誉','86-(379)796-3074','1PCCymkfJDVqt2pjbAxYFFc9n7PaFvasRX'),
('15QmTBL9gWVDJPEF45XMqq5GWtoidYenmw','凰羽凰羽','55-(366)485-5022','1E7KZCtsJG65faVhym4YHaHF7XdWCxcP9N'),
('16xytMPZ7VTUMYkd6bVUxMhKd8iSqhn6W5','慧妍慧妍','30-(596)118-8712','1Jy6mUtGa4bX1nfdWmKsT2gKMRybc9FLZK'),
('1AdsmZjEHZBDane6LneamLteTR2mBYv982','羽彤羽彤','66-(760)899-2556','1JJG1bfy6f9k4FxDAUn2Jd6wEaWB7mpFvR'),
('1C4tkujnNtEBGkzQCbQT3gNCb4fXG7QJLz','清凌清凌','354-(379)181-7932','145txqg9fPvW1fLwJmyqJvrWeo7YzcYX2V');

insert into vuelo values
('FQO-507','BWA','DNQ','2016-09-17 14:21:30','2016-01-17 15:06:12','Air-Weber,ZE-009-O','ZMF_513'),
('ZKQ-976','NLR','MQJ','2016-08-06 12:03:13','2016-02-06 10:25:36','Air-Sawayn,RH-115-Q','HIO_495'),
('SCU-059','DYM','ETC','2016-07-03 04:13:20','2016-01-03 18:38:48','Air-Hessel,LW-536-U','BWD_695'),
('MHR-706','OJP','NMO','2016-02-15 02:35:50','2016-08-15 17:10:28','Air-McLaughlin,GL-963-K','HDW_876'),
('RGW-342','QND','OZE','2016-02-05 18:14:16','2016-05-05 11:25:34','Air-Cole,GS-046-O','XGD_996'),
('JMF-771','MLY','LZK','2016-02-03 02:10:20','2016-05-03 11:24:39','Air-Bosco,EU-142-N','HPJ_004'),
('JGR-024','GIO','HPN','2016-04-16 22:49:20','2016-06-16 13:39:37','Air-Hamill,HI-044-S','VWK_471'),
('DTX-397','JXM','KJN','2016-10-27 05:14:08','2016-11-27 15:18:23','Air-Dickinson,RQ-111-Z','NTQ_117'),
('VIF-656','BQJ','CHB','2016-03-27 07:33:11','2016-07-27 13:23:44','Air-Bayer,CO-463-T','XFZ_756'),
('RNH-652','CXO','EBJ','2016-05-02 05:17:04','2016-06-02 13:28:48','Air-Sporer,NK-882-K','NZF_129'),
('GVA-315','RZU','PNZ','2016-02-13 12:21:49','2016-05-13 12:56:54','Air-Schimmel,EH-005-Z','ETF_289'),
('VQP-530','NBI','MIV','2016-07-21 11:25:34','2016-09-21 19:26:15','Air-Wyman,BC-751-X','UTN_862'),
('YTB-764','ALN','AKN','2016-05-11 09:56:31','2016-01-11 18:42:01','Air-Bosco,WU-667-J','TWX_654'),
('BFJ-416','LWM','LHC','2016-01-30 23:29:25','2016-01-31 16:45:03','Air-Stehr,BU-698-P','RIQ_234'),
('ADU-866','AKN','AIW','2016-05-24 15:18:23','2016-05-24 13:16:17','Air-Thompson,YZ-762-U','CJR_931'),
('CPQ-289','YFA','XOZ','2016-11-24 19:43:41','2016-11-24 23:33:11','Air-Rice,IG-978-Z','ISE_843'),
('QEF-127','SQR','QWZ','2016-01-29 04:25:14','2016-02-29 19:46:05','Air-Bergnaum,IG-061-Z','CUT_352'),
('WNA-896','NYE','NKS','2016-06-17 12:47:51','2016-01-17 11:40:48','Air-Hudson,SJ-633-L','OJP_965'),
('ITK-366','OXR','NUX','2016-07-30 10:24:14','2016-01-30 10:16:59','Air-DAmore,LO-766-A','BUP_137'),
('OWV-638','DQW','EJX','2016-03-09 09:01:04','2016-01-09 13:54:01','Air-Effertz,ON-790-A','YVU_690'),
('IGO-971','GFW','HMP','2015-12-14 04:32:31','2015-12-15 10:33:13','Air-Jacobs,XT-296-Q','ZYE_123'),
('CPX-132','UVE','UMO','2016-06-28 15:14:59','2016-07-28 12:03:13','Air-Jenkins,OR-539-P','KGV_686'),
('XSR-828','XSY','XND','2016-11-15 02:58:36','2016-11-16 12:21:49','Air-Schaden,UJ-116-S','RZA_586'),
('FVJ-295','OWF','NRH','2016-03-19 17:42:47','2016-09-19 16:58:03','Air-Kohler,FD-980-G','YOR_553'),
('AZD-471','BVQ','DHF','2016-05-30 03:28:48','2016-07-30 14:13:20','Air-Gleason,SE-300-K','AUL_629'),
('JLV-384','IXP','JLK','2016-02-06 08:06:43','2016-08-06 10:24:39','Air-Swift,JD-102-L','WJQ_577'),
('YFJ-976','UJC','UIL','2015-12-04 16:10:15','2015-12-04 10:06:09','Air-Breitenberg,JG-020-S','JBG_911'),
('KOP-625','UHE','UCD','2016-02-24 02:55:11','2016-01-24 15:47:24','Air-Bergstrom,MY-246-R','RKW_290'),
('IVE-843','TQD','TIC','2016-01-01 09:00:00','2016-02-01 14:32:31','Air-Reinger,OU-233-L','TJM_703'),
('KEU-508','TPM','SNV','2016-01-03 13:39:27','2016-04-03 14:21:30','Air-Considine,EY-795-B','ODZ_952'),
('LIS-198','WDS','VDR','2016-08-25 08:48:11','2016-06-25 12:58:36','Air-Huel,QI-369-L','BPC_849'),
('OIE-801','MLY','LZK','2016-05-08 05:21:03','2016-06-08 11:09:29','Air-Kiehn,CF-071-L','DKX_258'),
('WXH-449','OWF','NRH','2016-10-05 23:20:20','2016-10-05 14:25:14','Air-Hegmann,OB-178-T','TEH_128'),
('KXA-783','NBI','MIV','2016-03-14 08:42:01','2016-02-14 17:49:46','Air-Zulauf,BZ-675-K','SQL_827'),
('FXU-469','PGC','OBJ','2016-09-08 08:03:02','2016-08-08 14:18:33','Air-Shields,CM-749-Q','TPN_748'),
('JWG-742','ZNY','ZWI','2016-09-19 09:46:05','2016-07-19 15:09:57','Air-Pacocha,HD-741-O','GKN_773'),
('FPM-472','ZNY','ZWI','2016-08-11 12:45:40','2016-02-11 12:45:40','Air-Fahey,RQ-537-B','WCK_153'),
('UKI-612','RYL','PNF','2016-07-23 17:10:28','2016-05-23 16:58:20','Air-Beier,ZL-733-C','PBY_366'),
('WED-420','XSY','XND','2016-09-06 10:25:36','2016-07-06 18:34:14','Air-Barton,NK-222-P','QWT_843'),
('MAH-796','YFA','XOZ','2016-06-05 06:45:03','2016-07-05 16:39:10','Air-Marquardt,TN-380-U','UIC_570'),
('DHA-896','PJX','OEI','2015-12-17 08:38:48','2015-12-17 17:06:39','Air-Swift,NF-133-T','XOD_802'),
('CJU-599','BQJ','CHB','2016-03-11 15:41:47','2016-03-11 12:56:38','Air-Kirlin,UP-786-E','EIW_031'),
('IFT-960','GFY','HOM','2016-11-06 01:39:35','2016-11-06 10:38:57','Air-Schmitt,FT-422-I','BVN_770'),
('XNC-646','JCH','KDI','2016-02-03 15:09:57','2016-09-03 10:33:51','Air-Volkman,QB-946-G','RLE_176'),
('NCE-928','NWT','NBH','2016-06-09 04:18:33','2016-05-09 17:42:47','Air-Hammes,SA-611-N','EXB_007'),
('ZIU-945','TPM','SNV','2016-05-26 02:56:54','2016-02-26 18:05:00','Air-Reilly,RL-829-A','PAQ_588'),
('GTV-418','JAZ','KCT','2016-08-18 06:39:10','2016-08-18 14:58:15','Air-Schulist,WZ-090-P','TPK_783'),
('SRK-811','RYL','PNF','2016-04-02 13:01:26','2016-05-02 18:06:43','Air-Lowe,BN-699-O','VTP_174'),
('PIC-090','AYS','AXZ','2016-08-08 21:15:11','2016-01-08 11:39:35','Air-Kertzmann,BO-387-H','JCV_996'),
('NGQ-989','NLR','MQJ','2016-07-18 12:22:15','2016-09-18 18:48:11','Air-Carroll,ZE-575-F','QMI_872'),
('ISJ-355','OYB','NWA','2016-07-04 06:58:03','2016-05-04 13:29:22','Air-Hagenes,EQ-743-U','ZHY_741'),
('XDV-379','DYM','ETC','2016-08-03 08:58:41','2016-04-03 19:43:41','Air-Halvorson,FV-792-G','DRY_059'),
('XVA-074','AKD','ABC','2015-12-02 15:42:30','2015-12-03 14:05:59','Air-Cronin,UA-090-G','YSC_773'),
('HKR-662','BZJ','DZV','2016-05-17 13:16:17','2016-02-17 17:55:02','Air-Roberts,AK-516-O','MSJ_478'),
('OBH-980','ALN','AKN','2016-07-07 09:57:56','2016-06-07 13:20:20','Air-Baumbach,RG-346-N','ZSH_705'),
('WGA-877','QGP','ONE','2016-09-16 02:50:40','2016-03-16 14:57:48','Air-Mayert,EG-951-Z','LRG_128'),
('GJU-159','AKD','ABC','2016-07-04 23:29:43','2016-09-04 15:42:30','Air-Daugherty,QO-957-R','VTW_102'),
('VEU-041','WDU','VWN','2016-01-07 15:03:41','2016-01-07 12:22:15','Air-Morissette,AL-258-S','NCF_659'),
('ZYB-379','AXZ','AYS','2016-05-20 13:54:01','2016-06-20 15:14:59','Air-Strosin,RY-366-P','FLG_838'),
('VFO-238','OEI','PJX','2016-10-10 20:24:39','2016-11-10 15:41:47','Air-Jacobi,QY-457-X','OFV_718'),
('TJP-651','OZE','QND','2015-12-17 21:27:35','2015-12-17 16:10:15','Air-Hane,QG-734-I','ZEN_230'),
('TKJ-332','NMO','OJP','2016-04-19 10:33:13','2016-07-19 14:12:36','Air-Beier,AO-274-Q','KTP_499'),
('ALH-461','HPN','GIO','2016-11-08 18:34:14','2016-09-08 12:10:20','Air-Anderson,XI-332-U','RSF_485'),
('ARC-791','EBJ','CXO','2016-10-28 04:12:36','2016-08-28 13:29:25','Air-Daugherty,WD-888-U','MNK_124'),
('BSC-668','AIW','AKN','2016-05-20 02:56:38','2016-01-20 19:00:00','Air-Bashirian,DN-225-Z','YRI_289'),
('QJE-573','BKG','BKM','2016-11-16 20:16:59','2016-11-17 11:27:35','Air-Cronin,BX-756-D','CHE_679'),
('UDB-165','RWQ','TAB','2016-10-11 04:05:59','2016-10-11 15:35:14','Air-Davis,XW-563-Q','EGJ_528'),
('DAV-822','NKS','NYE','2016-07-22 20:06:09','2016-01-22 11:50:24','Air-Abshire,TH-913-K','XUW_409'),
('QMN-939','BKG','BKM','2016-09-11 11:40:48','2016-03-11 19:40:02','Air-Orn,JI-365-S','OAC_153'),
('EZU-406','JLK','IXP','2016-06-20 07:33:44','2016-03-20 10:24:14','Air-Thompson,VS-561-L','JDW_028'),
('DXK-089','IRX','HRU','2016-11-27 07:55:02','2016-12-27 17:33:44','Air-Glover,GJ-375-N','CDS_123'),
('NZX-229','ZHX','YXG','2016-07-19 23:23:44','2016-05-19 18:03:02','Air-Oberbrunner,BY-422-U','DKE_520'),
('BYU-498','KJN','JXM','2016-01-23 19:36:01','2016-02-23 13:01:26','Air-Runte,YQ-719-L','RQA_814'),
('JBC-044','HMP','GFW','2016-03-27 14:58:15','2016-01-27 10:05:39','Air-Denesik,XZ-954-K','IVY_081'),
('HQF-824','IRX','HRU','2016-10-14 01:09:29','2016-10-14 15:21:03','Air-Stamm,CS-714-X','QJC_945'),
('ULP-061','OBJ','PGC','2015-12-09 16:22:48','2015-10-09 12:09:29','Air-Schultz,IL-863-M','EBT_319'),
('CRH-716','DHF','BVQ','2016-06-09 15:06:12','2016-03-09 14:46:24','Air-Williamson,IV-868-A','FLY_871'),
('RVF-778','NUX','OXR','2016-09-15 16:58:20','2016-02-15 15:17:04','Air-DaJA-reV','ULM_156'),
('MSN-852','ONE','QGP','2015-12-15 00:33:51','2015-12-15 12:47:51','Air-Kling,JA-577-D','ACK_108'),
('UER-914','VWN','WDU','2016-03-03 23:39:37','2016-02-03 13:29:43','Air-Daniel,UG-538-I','FXT_621'),
('XFL-853','EJX','DQW','2016-08-29 21:24:39','2016-08-29 18:58:41','Air-Wuckert,RG-065-B','IRK_184'),
('OMK-676','ZHX','YXG','2015-12-05 14:46:24','2015-12-05 13:39:27','Air-Gottlieb,CR-177-O','CHS_449'),
('VCN-495','QWZ','SQR','2016-06-19 17:06:39','2016-03-19 17:28:20','Air-Ebert,AZ-210-R','MXH_181'),
('OYC-650','NBH','NWT','2016-11-29 08:05:00','2016-11-29 18:52:35','Air-Zulauf,XI-534-A','RGI_074'),
('ILN-117','DNQ','BWA','2016-05-25 14:46:42','2016-08-25 14:46:42','Air-Yost,YU-958-P','SCN_520'),
('CIL-626','KDI','JCH','2016-04-03 00:05:39','2016-02-03 18:14:16','Air-Olson,IW-805-K','TFP_076'),
('AZN-284','SAB','TOA','2016-07-04 14:57:48','2016-05-04 12:50:40','Air-Mitchell,FK-618-Z','APB_124'),
('XLT-680','UIL','UJC','2016-01-24 19:26:15','2016-01-24 15:12:18','Air-Dare,AY-965-A','MWX_159'),
('VHN-177','TIC','TQD','2016-07-17 07:28:20','2016-05-17 12:49:20','Air-Price,LA-184-W','GNS_045'),
('ZWD-130','LHC','LWM','2016-03-24 15:12:18','2016-07-24 19:36:01','Air-Grimes,FR-747-C','MLC_734'),
('VFD-452','NWA','OYB','2016-10-21 09:40:02','2016-11-21 16:22:48','Air-Sporer,TX-454-C','KMX_851'),
('MAT-303','PNZ','RZU','2016-11-10 00:38:57','2016-11-10 19:57:56','Air-Kautzer,XW-764-W','FXL_221'),
('LEP-108','RWQ','TAB','2016-06-30 03:29:22','2016-01-30 15:03:41','Air-McLaughlin,OF-500-M','AMR_655'),
('XAJ-998','VDR','WDS','2016-05-17 21:50:24','2016-04-17 19:56:31','Air-Champlin,HK-953-D','LWS_269'),
('TWS-518','UCD','UHE','2016-11-12 08:52:35','2016-11-12 10:29:42','Air-Huels,MP-345-D','CRX_003'),
('HJV-199','DZV','BZJ','2016-01-20 15:47:24','2016-01-20 19:01:04','Air-OConner,SG-382-Y','HYA_296'),
('OFG-848','SAB','TOA','2016-02-14 05:35:14','2016-05-14 12:55:11','Air-Goyette,WN-162-O','RPO_199'),
('CHT-282','HOM','GFY','2016-11-10 22:09:29','2016-12-10 12:35:50','Air-Bartell,ZS-210-Y','ZAL_420'),
('XVU-486','UMO','UVE','2016-06-05 07:49:46','2016-07-05 15:14:08','Air-Effertz,OM-619-D','VYD_116');

insert into asiento values 
('FQO-507','B2','ECO','6926','1'),
('ZKQ-976','C5','FCL','6926','1'),
('SCU-059','I8','PRE','1928','1'),
('MHR-706','I4','BUS','6926','0'),
('RGW-342','F5','PRE','3713','1'),
('JMF-771','J5','FCL','3356','1'),
('JGR-024','J5','PRE','2642','0'),
('DTX-397','F5','PRE','2999','0'),
('VIF-656','B3','BUS','4070','1'),
('RNH-652','B1','BUS','4427','1'),
('GVA-315','J5','PRE','4784','0'),
('VQP-530','C7','ECO','9782','0'),
('YTB-764','I8','BUS','6926','0'),
('BFJ-416','F1','BUS','857','0'),
('ADU-866','C8','FCL','9425','0'),
('CPQ-289','B4','ECO','5498','1'),
('QEF-127','I3','BUS','3713','1'),
('WNA-896','I1','FCL','1214','0'),
('ITK-366','C3','FCL','6212','1'),
('OWV-638','I2','ECO','5855','0'),
('IGO-971','J8','ECO','500','0'),
('CPX-132','J7','BUS','1571','0'),
('XSR-828','I5','BUS','4427','0'),
('FVJ-295','C5','ECO','4427','1'),
('AZD-471','J4','ECO','7283','0'),
('JLV-384','F2','PRE','500','1'),
('YFJ-976','B4','FCL','6926','1'),
('KOP-625','J5','BUS','500','0'),
('IVE-843','F4','BUS','9425','1'),
('KEU-508','B7','ECO','3713','1'),
('LIS-198','C8','ECO','1928','0'),
('OIE-801','I5','PRE','4784','0'),
('WXH-449','J5','FCL','2285','1'),
('KXA-783','F6','BUS','3713','1'),
('FXU-469','I6','BUS','9068','1'),
('JWG-742','J4','BUS','857','1'),
('FPM-472','I7','PRE','4784','1'),
('UKI-612','I2','ECO','4427','1'),
('WED-420','J1','FCL','1928','0'),
('MAH-796','B5','PRE','9425','0'),
('DHA-896','C2','FCL','7283','1'),
('CJU-599','J4','BUS','3713','1'),
('IFT-960','J5','PRE','7640','1'),
('XNC-646','J8','BUS','9068','1'),
('NCE-928','C1','ECO','6569','0'),
('ZIU-945','I1','BUS','1928','1'),
('GTV-418','B4','BUS','6569','0'),
('SRK-811','I3','PRE','6926','1'),
('PIC-090','F1','BUS','1214','1'),
('NGQ-989','I1','PRE','9068','0'),
('ISJ-355','B4','BUS','4070','1'),
('XDV-379','J1','BUS','6212','0'),
('XVA-074','I4','ECO','4784','0'),
('HKR-662','B2','ECO','7997','0'),
('OBH-980','B6','PRE','6569','1'),
('WGA-877','F2','FCL','4784','0'),
('GJU-159','J5','FCL','500','1'),
('VEU-041','C4','ECO','7640','0'),
('ZYB-379','B3','BUS','5855','1'),
('VFO-238','I6','ECO','7640','1'),
('TJP-651','C6','BUS','6926','0'),
('TKJ-332','J7','ECO','5141','0'),
('ALH-461','C4','BUS','3356','0'),
('ARC-791','B3','PRE','2285','0'),
('BSC-668','C7','PRE','8711','0'),
('QJE-573','C1','PRE','8354','1'),
('DAV-822','F5','BUS','2999','1'),
('QMN-939','C3','BUS','9068','0'),
('EZU-406','F3','BUS','6569','1'),
('DXK-089','I1','ECO','1928','0'),
('NZX-229','J5','ECO','1571','1'),
('BYU-498','J3','BUS','4784','0'),
('HQF-824','I6','ECO','7640','1'),
('ULP-061','F8','BUS','8711','0'),
('CRH-716','J1','ECO','8354','0'),
('RVF-778','C4','ECO','4784','1'),
('MSN-852','J5','BUS','3713','0'),
('UER-914','B4','ECO','8711','0'),
('XFL-853','F6','FCL','2642','1'),
('OMK-676','I7','ECO','6212','0'),
('VCN-495','J2','ECO','5141','0'),
('OYC-650','F5','PRE','6926','0'),
('ILN-117','F4','FCL','5855','0'),
('CIL-626','F6','BUS','3356','1'),
('AZN-284','C8','ECO','500','1'),
('XLT-680','I8','PRE','1928','1'),
('VHN-177','J1','PRE','1571','1'),
('ZWD-130','I6','BUS','8354','0'),
('VFD-452','I8','PRE','500','0'),
('MAT-303','I5','BUS','3713','1'),
('LEP-108','C2','FCL','1571','0'),
('XAJ-998','I3','BUS','7997','1'),
('TWS-518','F8','ECO','9782','0'),
('HJV-199','B8','FCL','9068','0'),
('OFG-848','F2','FCL','8354','1'),
('CHT-282','J4','PRE','4427','0'),
('XVU-486','J5','ECO','5141','1'),
('FQO-507','C7','FCL','9068','1'),
('ZKQ-976','J5','FCL','1571','1'),
('SCU-059','I1','FCL','1571','0'),
('MHR-706','J7','BUS','8711','0'),
('RGW-342','I4','FCL','4427','1'),
('JMF-771','C5','FCL','4784','1'),
('JGR-024','I7','BUS','9425','1'),
('DTX-397','J2','ECO','9782','1'),
('VIF-656','C6','ECO','7283','1'),
('RNH-652','B2','ECO','5855','1'),
('GVA-315','C2','BUS','9782','0'),
('VQP-530','C4','ECO','5855','1'),
('YTB-764','I2','PRE','8711','1'),
('ADU-866','B4','ECO','6212','0'),
('CPQ-289','F6','BUS','9068','1'),
('QEF-127','C6','FCL','7640','1'),
('WNA-896','B6','BUS','6926','1'),
('ITK-366','C8','ECO','4070','1'),
('OWV-638','I8','BUS','5855','1'),
('IGO-971','C3','ECO','5855','0'),
('CPX-132','C4','BUS','1571','0'),
('XSR-828','B3','ECO','8354','0'),
('FVJ-295','B5','FCL','2285','0'),
('AZD-471','J6','FCL','4784','1'),
('JLV-384','J6','PRE','9068','0'),
('YFJ-976','I2','ECO','3713','1'),
('KOP-625','I6','FCL','7283','0'),
('IVE-843','I8','ECO','5855','0'),
('KEU-508','C1','PRE','4784','1'),
('LIS-198','F3','BUS','4784','1'),
('OIE-801','I6','BUS','1928','0'),
('WXH-449','F7','BUS','9425','0'),
('KXA-783','C2','ECO','6926','1'),
('FXU-469','I8','ECO','7997','1'),
('JWG-742','F8','PRE','5498','0'),
('FPM-472','I8','FCL','9068','1'),
('UKI-612','J7','FCL','7283','0'),
('WED-420','B3','FCL','4070','1'),
('MAH-796','C2','BUS','5855','0'),
('DHA-896','B2','ECO','8711','0'),
('CJU-599','I5','ECO','7640','0'),
('IFT-960','J7','ECO','3713','1'),
('XNC-646','B2','FCL','9068','1'),
('NCE-928','I5','FCL','6569','0'),
('ZIU-945','J4','BUS','5141','0'),
('GTV-418','F8','BUS','8711','0'),
('SRK-811','B5','PRE','7997','1'),
('PIC-090','B6','BUS','4070','1'),
('NGQ-989','B2','FCL','7997','0'),
('ISJ-355','J3','FCL','3713','1'),
('XDV-379','F5','PRE','4427','1'),
('XVA-074','C4','BUS','9782','1'),
('HKR-662','J1','PRE','6569','1'),
('OBH-980','C8','PRE','1571','1'),
('WGA-877','I8','FCL','2285','0'),
('GJU-159','F6','ECO','7640','0'),
('VEU-041','C7','PRE','7640','0'),
('ZYB-379','I3','ECO','9068','1'),
('VFO-238','C3','BUS','6212','1'),
('TJP-651','F1','BUS','9425','1'),
('TKJ-332','B6','BUS','5498','1'),
('ALH-461','J2','BUS','7283','1'),
('ARC-791','F1','PRE','3713','0'),
('BSC-668','C5','FCL','6569','0'),
('QJE-573','F5','ECO','3356','1'),
('UDB-165','F2','BUS','500','0'),
('DAV-822','C6','FCL','5141','1'),
('QMN-939','B7','PRE','7640','0'),
('EZU-406','F7','BUS','2642','1'),
('DXK-089','J2','FCL','7997','0'),
('NZX-229','B3','FCL','9782','1'),
('BYU-498','F1','FCL','500','1'),
('JBC-044','I1','ECO','4427','0'),
('HQF-824','B8','BUS','1928','0'),
('ULP-061','C8','FCL','4427','0'),
('CRH-716','J7','BUS','5141','0'),
('RVF-778','B8','PRE','5141','1'),
('MSN-852','C2','FCL','2642','1'),
('UER-914','I4','PRE','500','0'),
('XFL-853','C7','PRE','7283','1'),
('OMK-676','B6','FCL','9068','1'),
('VCN-495','F5','FCL','9068','0'),
('OYC-650','J4','PRE','5855','0'),
('ILN-117','C4','ECO','7640','1'),
('CIL-626','F7','PRE','9782','0'),
('AZN-284','I4','ECO','4427','1'),
('XLT-680','F8','PRE','3356','0'),
('VHN-177','C7','BUS','4427','0'),
('ZWD-130','F2','PRE','8354','1'),
('VFD-452','J4','BUS','3356','0'),
('MAT-303','I8','ECO','5141','0'),
('LEP-108','I3','PRE','2285','0'),
('XAJ-998','B6','FCL','8711','1'),
('TWS-518','J6','BUS','4784','1'),
('HJV-199','J5','ECO','3356','0'),
('OFG-848','B1','BUS','500','1'),
('CHT-282','C8','ECO','5498','0'),
('XVU-486','F5','PRE','9068','1');

--select * from vuelo where fecha_salida >= current_date 

insert into venta (flight_number, asiento, fecha, cliente, vendedor) values 
('MHR-706','I4','2016-02-15 02:35:50','37','126DJqN64Mpfdro4Yasy2PqGxbEqCR4kYq'),
('JGR-024','J5','2016-04-16 22:49:20','62','126SZy4G6jJZTQrFzPaeSLVraXFWeSfQFD'),
('DTX-397','F5','2016-10-27 05:14:08','2','128KfvXdrnzMvsFYqDcHdirk5Rex1444vg'),
('GVA-315','J5','2016-02-13 12:21:49','15','12DuZv3nba7cZBJ1RBx5Mc2K7ZVA511VQG'),
('VQP-530','C7','2016-07-21 11:25:34','139','12i1m1gPwAujdMtm4c1jRYBBXpkb4T489i'),
('YTB-764','I8','2016-05-11 09:56:31','50','12NauTSKVZNxTen86sM45vePq6hKrAXxXW'),
('BFJ-416','F1','2016-01-30 23:29:25','16','12q4ZGkmJnSJb3yzfmhhHmfJVZU6PRxHzy'),
('ADU-866','C8','2016-05-24 15:18:23','27','12UNB2giNaNBxZNg7M1mkNQzBAcki3K1FN'),
('WNA-896','I1','2016-06-17 12:47:51','6','12XageVNsuBEwjjVHFNvLV4qkDC7tdkaSB'),
('OWV-638','I2','2016-03-09 09:01:04','147','13BBob5yLC7sUeB3PNCWGYTBqxjaFQz88t'),
('IGO-971','J8','2015-12-14 04:32:31','52','13w3XNYGXnHtXs46cX6AgZydJRZoDVu1ho'),
('CPX-132','J7','2016-06-28 15:14:59','20','146GMHReijbopxGSeE7fFcVJzH4aTVbpi1'),
('XSR-828','I5','2016-11-15 02:58:36','36','146xspoBHgeZjov8ACHpso5s1HTzbp7sVX'),
('AZD-471','J4','2016-05-30 03:28:48','3','14GBUdQG4s69xphiN58MnFoEtqLxFmngUb'),
('KOP-625','J5','2016-02-24 02:55:11','12','14vaXyWo72KjBM9CuRN5cS353mVvma6Zvs'),
('LIS-198','C8','2016-08-25 08:48:11','48','14ynBKx4z8QxWd7rpVqHBvfCsU3V16fikL'),
('OIE-801','I5','2016-05-08 05:21:03','112','151v6CGfnyjdSkc2Geyp13GQduqXhywqJu'),
('WED-420','J1','2016-09-06 10:25:36','121','15hYQ6WwPMwkfNGNouzjCdW6Hcap6bTvWF'),
('MAH-796','B5','2016-06-05 06:45:03','77','15LsvsdaqLVJq6Z6ZbZ5KHtCoLrqw5qsEz'),
('NCE-928','C1','2016-06-09 04:18:33','22','1624zS1dsRT92nkt1P7ZfQu2N7x6Hrp3uo'),
('GTV-418','B4','2016-08-18 06:39:10','5','126DJqN64Mpfdro4Yasy2PqGxbEqCR4kYq'),
('NGQ-989','I1','2016-07-18 12:22:15','1','126SZy4G6jJZTQrFzPaeSLVraXFWeSfQFD'),
('XDV-379','J1','2016-08-03 08:58:41','14','128KfvXdrnzMvsFYqDcHdirk5Rex1444vg'),
('XVA-074','I4','2015-12-02 15:42:30','110','12DuZv3nba7cZBJ1RBx5Mc2K7ZVA511VQG'),
('HKR-662','B2','2016-05-17 13:16:17','53','12i1m1gPwAujdMtm4c1jRYBBXpkb4T489i'),
('WGA-877','F2','2016-09-16 02:50:40','59','12NauTSKVZNxTen86sM45vePq6hKrAXxXW'),
('VEU-041','C4','2016-01-07 15:03:41','19','12q4ZGkmJnSJb3yzfmhhHmfJVZU6PRxHzy'),
('TJP-651','C6','2015-12-17 21:27:35','38','12UNB2giNaNBxZNg7M1mkNQzBAcki3K1FN'),
('TKJ-332','J7','2016-04-19 10:33:13','114','12XageVNsuBEwjjVHFNvLV4qkDC7tdkaSB'),
('ALH-461','C4','2016-11-08 18:34:14','86','13BBob5yLC7sUeB3PNCWGYTBqxjaFQz88t'),
('ARC-791','B3','2016-10-28 04:12:36','136','13w3XNYGXnHtXs46cX6AgZydJRZoDVu1ho'),
('BSC-668','C7','2016-05-20 02:56:38','102','146GMHReijbopxGSeE7fFcVJzH4aTVbpi1'),
('QMN-939','C3','2016-09-11 11:40:48','148','146xspoBHgeZjov8ACHpso5s1HTzbp7sVX'),
('DXK-089','I1','2016-11-27 07:55:02','106','14GBUdQG4s69xphiN58MnFoEtqLxFmngUb'),
('BYU-498','J3','2016-01-23 19:36:01','146','14vaXyWo72KjBM9CuRN5cS353mVvma6Zvs'),
('ULP-061','F8','2015-12-09 16:22:48','140','14ynBKx4z8QxWd7rpVqHBvfCsU3V16fikL'),
('CRH-716','J1','2016-06-09 15:06:12','94','151v6CGfnyjdSkc2Geyp13GQduqXhywqJu'),
('MSN-852','J5','2015-12-15 00:33:51','51','15hYQ6WwPMwkfNGNouzjCdW6Hcap6bTvWF'),
('UER-914','B4','2016-03-03 23:39:37','35','15LsvsdaqLVJq6Z6ZbZ5KHtCoLrqw5qsEz'),
('OMK-676','I7','2015-12-05 14:46:24','92','1624zS1dsRT92nkt1P7ZfQu2N7x6Hrp3uo'),
('VCN-495','J2','2016-06-19 17:06:39','26','126DJqN64Mpfdro4Yasy2PqGxbEqCR4kYq'),
('OYC-650','F5','2016-11-29 08:05:00','76','126SZy4G6jJZTQrFzPaeSLVraXFWeSfQFD'),
('ILN-117','F4','2016-05-25 14:46:42','134','128KfvXdrnzMvsFYqDcHdirk5Rex1444vg'),
('ZWD-130','I6','2016-03-24 15:12:18','120','12DuZv3nba7cZBJ1RBx5Mc2K7ZVA511VQG'),
('VFD-452','I8','2016-10-21 09:40:02','98','12i1m1gPwAujdMtm4c1jRYBBXpkb4T489i'),
('LEP-108','C2','2016-06-30 03:29:22','63','12NauTSKVZNxTen86sM45vePq6hKrAXxXW'),
('TWS-518','F8','2016-11-12 08:52:35','24','12q4ZGkmJnSJb3yzfmhhHmfJVZU6PRxHzy'),
('HJV-199','B8','2016-01-20 15:47:24','74','12UNB2giNaNBxZNg7M1mkNQzBAcki3K1FN'),
('CHT-282','J4','2016-11-10 22:09:29','126','12XageVNsuBEwjjVHFNvLV4qkDC7tdkaSB'),
('SCU-059','I1','2016-07-03 04:13:20','70','13BBob5yLC7sUeB3PNCWGYTBqxjaFQz88t'),
('MHR-706','J7','2016-02-15 02:35:50','116','13w3XNYGXnHtXs46cX6AgZydJRZoDVu1ho'),
('GVA-315','C2','2016-02-13 12:21:49','28','146GMHReijbopxGSeE7fFcVJzH4aTVbpi1'),
('ADU-866','B4','2016-05-24 15:18:23','42','146xspoBHgeZjov8ACHpso5s1HTzbp7sVX'),
('IGO-971','C3','2015-12-14 04:32:31','130','14GBUdQG4s69xphiN58MnFoEtqLxFmngUb'),
('CPX-132','C4','2016-06-28 15:14:59','118','14vaXyWo72KjBM9CuRN5cS353mVvma6Zvs'),
('XSR-828','B3','2016-11-15 02:58:36','88','14ynBKx4z8QxWd7rpVqHBvfCsU3V16fikL'),
('FVJ-295','B5','2016-03-19 17:42:47','23','151v6CGfnyjdSkc2Geyp13GQduqXhywqJu'),
('JLV-384','J6','2016-02-06 08:06:43','132','15hYQ6WwPMwkfNGNouzjCdW6Hcap6bTvWF'),
('KOP-625','I6','2016-02-24 02:55:11','85','15LsvsdaqLVJq6Z6ZbZ5KHtCoLrqw5qsEz'),
('IVE-843','I8','2016-01-01 09:00:00','78','1624zS1dsRT92nkt1P7ZfQu2N7x6Hrp3uo'),
('OIE-801','I6','2016-05-08 05:21:03','104','126DJqN64Mpfdro4Yasy2PqGxbEqCR4kYq'),
('WXH-449','F7','2016-10-05 23:20:20','143','126SZy4G6jJZTQrFzPaeSLVraXFWeSfQFD'),
('JWG-742','F8','2016-09-19 09:46:05','111','128KfvXdrnzMvsFYqDcHdirk5Rex1444vg'),
('UKI-612','J7','2016-07-23 17:10:28','64','12DuZv3nba7cZBJ1RBx5Mc2K7ZVA511VQG'),
('MAH-796','C2','2016-06-05 06:45:03','79','12i1m1gPwAujdMtm4c1jRYBBXpkb4T489i'),
('DHA-896','B2','2015-12-17 08:38:48','55','12NauTSKVZNxTen86sM45vePq6hKrAXxXW'),
('CJU-599','I5','2016-03-11 15:41:47','81','12q4ZGkmJnSJb3yzfmhhHmfJVZU6PRxHzy'),
('NCE-928','I5','2016-06-09 04:18:33','61','12UNB2giNaNBxZNg7M1mkNQzBAcki3K1FN'),
('ZIU-945','J4','2016-05-26 02:56:54','142','12XageVNsuBEwjjVHFNvLV4qkDC7tdkaSB'),
('GTV-418','F8','2016-08-18 06:39:10','4','13BBob5yLC7sUeB3PNCWGYTBqxjaFQz88t'),
('NGQ-989','B2','2016-07-18 12:22:15','49','13w3XNYGXnHtXs46cX6AgZydJRZoDVu1ho'),
('WGA-877','I8','2016-09-16 02:50:40','117','146GMHReijbopxGSeE7fFcVJzH4aTVbpi1'),
('GJU-159','F6','2016-07-04 23:29:43','87','146xspoBHgeZjov8ACHpso5s1HTzbp7sVX'),
('VEU-041','C7','2016-01-07 15:03:41','58','14GBUdQG4s69xphiN58MnFoEtqLxFmngUb'),
('ARC-791','F1','2016-10-28 04:12:36','60','14vaXyWo72KjBM9CuRN5cS353mVvma6Zvs'),
('BSC-668','C5','2016-05-20 02:56:38','45','14ynBKx4z8QxWd7rpVqHBvfCsU3V16fikL'),
('UDB-165','F2','2016-10-11 04:05:59','71','151v6CGfnyjdSkc2Geyp13GQduqXhywqJu'),
('QMN-939','B7','2016-09-11 11:40:48','138','15hYQ6WwPMwkfNGNouzjCdW6Hcap6bTvWF'),
('DXK-089','J2','2016-11-27 07:55:02','17','15LsvsdaqLVJq6Z6ZbZ5KHtCoLrqw5qsEz'),
('JBC-044','I1','2016-03-27 14:58:15','29','1624zS1dsRT92nkt1P7ZfQu2N7x6Hrp3uo'),
('HQF-824','B8','2016-10-14 01:09:29','137','126DJqN64Mpfdro4Yasy2PqGxbEqCR4kYq'),
('ULP-061','C8','2015-12-09 16:22:48','67','126SZy4G6jJZTQrFzPaeSLVraXFWeSfQFD'),
('CRH-716','J7','2016-06-09 15:06:12','21','128KfvXdrnzMvsFYqDcHdirk5Rex1444vg'),
('UER-914','I4','2016-03-03 23:39:37','11','12DuZv3nba7cZBJ1RBx5Mc2K7ZVA511VQG'),
('VCN-495','F5','2016-06-19 17:06:39','123','12i1m1gPwAujdMtm4c1jRYBBXpkb4T489i'),
('OYC-650','J4','2016-11-29 08:05:00','9','12NauTSKVZNxTen86sM45vePq6hKrAXxXW'),
('CIL-626','F7','2016-04-03 00:05:39','75','12q4ZGkmJnSJb3yzfmhhHmfJVZU6PRxHzy'),
('XLT-680','F8','2016-01-24 19:26:15','105','12UNB2giNaNBxZNg7M1mkNQzBAcki3K1FN'),
('VHN-177','C7','2016-07-17 07:28:20','8','12XageVNsuBEwjjVHFNvLV4qkDC7tdkaSB'),
('VFD-452','J4','2016-10-21 09:40:02','40','13BBob5yLC7sUeB3PNCWGYTBqxjaFQz88t'),
('MAT-303','I8','2016-11-10 00:38:57','66','13w3XNYGXnHtXs46cX6AgZydJRZoDVu1ho'),
('LEP-108','I3','2016-06-30 03:29:22','133','146GMHReijbopxGSeE7fFcVJzH4aTVbpi1'),
('HJV-199','J5','2016-01-20 15:47:24','103','146xspoBHgeZjov8ACHpso5s1HTzbp7sVX'),
('CHT-282','C8','2016-11-10 22:09:29','149','14GBUdQG4s69xphiN58MnFoEtqLxFmngUb');
